상품번호,카테고리,상품명,판매가격,재고수량
768848,상의,와플 엠보 터틀넥_네이비,21000,45
748943,상의,크롭 배색 카라 집업_베이지,19000,89
779989,상의,폴라 플리스 하프집 티셔츠,35000,43
779943,상의,기본 로고 맨투맨 - 핑크,24900,89
768110,하의,시티캠퍼 투 포켓 조거 팬츠_BK,7000,79
517643,하의,말본 브러쉬드 조거팬츠 BLACK (MAN),260800,26
706803,하의,히트기어 아머 레깅스,38000,81
759928,하의,남성 본딩 스트레치 슬림핏 팬츠,2800,85
213341,상의,20SS 오픈 카라/투 버튼 피케 티셔츠 (6color),33250,99
377169,상의,퀼팅 패딩 트랙수트 - 카키:블랙,24900,60
744775,신발,남성 레플리카 스니커즈 - 화이트,28000,35
779049,신발,메달리스트 고트스킨 스니커즈 white,10000,64
611019,신발,NS93P71J 화이트라벨 NSE 로우,19800,7
628066,신발,빅볼청키 다이아 모노그램 NY (Black),12900,8
502480,신발,척 70 시즈널 컬러 고스티드 A03565C,24900,41
782858,신발,트레블 트레킹 스니커즈_블랙,39500,50
760709,하의,FLYHIKE 패딩 팬츠 W_Black,14000,70
778422,하의,여성 카고 팬츠 JKPNW23322CKH,45000,7
648418,상의,드라이액션™ 러닝 롱 슬리브 [블랙],238000,5
